Country,Holiday,GregorianDate,AIFCDate
PH,PH New Year's Day,2026-01-01,2026-1-1
PH,PH Araw ng Kagitingan,2026-04-09,2026-4-15
PH,PH Independence Day,2026-06-12,2026-6-23
PH,PH Bonifacio Day,2026-11-30,2026-12-25
PH,PH Christmas Day,2026-12-25,2026-13-22
PH,PH Rizal Day,2026-12-30,2026-13-27
US,US New Year's Day,2026-01-01,2026-1-1
US,US Independence Day,2026-07-04,2026-7-17
US,US Veterans Day,2026-11-11,2026-12-6
US,US Christmas Day,2026-12-25,2026-13-22
PH,PH New Year's Day,2027-01-01,2027-1-1
PH,PH Araw ng Kagitingan,2027-04-09,2027-4-15
PH,PH Independence Day,2027-06-12,2027-6-23
PH,PH Bonifacio Day,2027-11-30,2027-12-25
PH,PH Christmas Day,2027-12-25,2027-13-22
PH,PH Rizal Day,2027-12-30,2027-13-27
US,US New Year's Day,2027-01-01,2027-1-1
US,US Independence Day,2027-07-04,2027-7-17
US,US Veterans Day,2027-11-11,2027-12-6
US,US Christmas Day,2027-12-25,2027-13-22
PH,PH New Year's Day,2028-01-01,2028-1-1
PH,PH Araw ng Kagitingan,2028-04-09,2028-4-16
PH,PH Independence Day,2028-06-12,2028-6-24
PH,PH Bonifacio Day,2028-11-30,2028-12-26
PH,PH Christmas Day,2028-12-25,2028-13-23
PH,PH Rizal Day,2028-12-30,2028-13-28
US,US New Year's Day,2028-01-01,2028-1-1
US,US Independence Day,2028-07-04,2028-7-18
US,US Veterans Day,2028-11-11,2028-12-7
US,US Christmas Day,2028-12-25,2028-13-23
PH,PH New Year's Day,2029-01-01,2029-1-1
PH,PH Araw ng Kagitingan,2029-04-09,2029-4-15
PH,PH Independence Day,2029-06-12,2029-6-23
PH,PH Bonifacio Day,2029-11-30,2029-12-25
PH,PH Christmas Day,2029-12-25,2029-13-22
PH,PH Rizal Day,2029-12-30,2029-13-27
US,US New Year's Day,2029-01-01,2029-1-1
US,US Independence Day,2029-07-04,2029-7-17
US,US Veterans Day,2029-11-11,2029-12-6
US,US Christmas Day,2029-12-25,2029-13-22
PH,PH New Year's Day,2030-01-01,2030-1-1
PH,PH Araw ng Kagitingan,2030-04-09,2030-4-15
PH,PH Independence Day,2030-06-12,2030-6-23
PH,PH Bonifacio Day,2030-11-30,2030-12-25
PH,PH Christmas Day,2030-12-25,2030-13-22
PH,PH Rizal Day,2030-12-30,2030-13-27
US,US New Year's Day,2030-01-01,2030-1-1
US,US Independence Day,2030-07-04,2030-7-17
US,US Veterans Day,2030-11-11,2030-12-6
US,US Christmas Day,2030-12-25,2030-13-22
